SPT-CL,alpha,beta,delta,gamma
J2344-4224,0.7902862296253492,0.14950148709426608,0.5768886886413,-0.8425701103598956
